{"cameraMode":{"drawMode":0,"name":"Shaded","section":"Shading Mode"},"sceneLighting":false,"audioPlay":false,"sceneViewState":{"m_AlwaysRefresh":false,"showFog":true,"showSkybox":false,"showFlares":true,"showImageEffects":true,"showParticleSystems":true,"showVisualEffectGraphs":true,"m_FxEnabled":true},"in2DMode":false,"pivot":{"x":-0.04752540588378906,"y":-23.726036071777345,"z":-0.020008087158203126},"rotation":{"x":-0.20051084458827973,"y":0.3279612362384796,"z":-0.07144784927368164,"w":-0.9204038977622986},"size":30.06114959716797,"orthographic":false}