{"cameraMode":{"drawMode":0,"name":"Shaded","section":"Shading Mode"},"sceneLighting":true,"audioPlay":false,"sceneViewState":{"m_AlwaysRefresh":false,"showFog":true,"showSkybox":true,"showFlares":true,"showImageEffects":true,"showParticleSystems":true,"showVisualEffectGraphs":true,"m_FxEnabled":true},"in2DMode":false,"pivot":{"x":-0.944222092628479,"y":0.506450891494751,"z":0.9277353286743164},"rotation":{"x":0.08783918619155884,"y":0.27424290776252749,"z":-0.025163451209664346,"w":0.9573106169700623},"size":2.4247448444366457,"orthographic":false}