{"cameraMode":{"drawMode":0,"name":"Shaded","section":"Shading Mode"},"sceneLighting":true,"audioPlay":false,"sceneViewState":{"m_AlwaysRefresh":false,"showFog":true,"showSkybox":true,"showFlares":true,"showImageEffects":true,"showParticleSystems":true,"showVisualEffectGraphs":true,"m_FxEnabled":true},"in2DMode":false,"pivot":{"x":-6.6931352615356449,"y":-0.4999511241912842,"z":12.973373413085938},"rotation":{"x":-0.08443274348974228,"y":0.14918562769889832,"z":-0.012789119966328144,"w":-0.9851210117340088},"size":8.980009078979493,"orthographic":false}